{"statistical": {"avg_response_time": {"mean": 62.53333333333333, "std": 1.4364307617610137, "median": 63.1, "q25": 62.0, "q75": 63.35, "min": 60.900000000000006, "max": 63.6}, "std_response_time": {"mean": 13.162795400021222, "std": 3.136275798741286, "median": 13.055267136294072, "q25": 11.56846683259846, "q75": 14.703359835580407, "min": 10.08166652890285, "max": 16.35145253486674}, "median_response_time": {"mean": 64.56666666666666, "std": 5.577036249956898, "median": 65.2, "q25": 61.95, "q75": 67.5, "min": 58.7, "max": 69.8}, "response_time_cv": {"mean": 0.2099838805398091, "std": 0.04697308390705834, "median": 0.20527149585368037, "q25": 0.18540805111980282, "q75": 0.23220351761675098, "min": 0.16554460638592527, "max": 0.2591355393798216}, "accuracy_rate": {"mean": 0.5555555555555555, "std": 0.5091750772173156, "median": 0.6666666666666666, "q25": 0.3333333333333333, "q75": 0.8333333333333333, "min": 0.0, "max": 1.0}, "total_responses": {"mean": 3.0, "std": 0.0, "median": 3.0, "q25": 3.0, "q75": 3.0, "min": 3.0, "max": 3.0}, "correct_responses": {"mean": 1.6666666666666667, "std": 1.5275252316519468, "median": 2.0, "q25": 1.0, "q75": 2.5, "min": 0.0, "max": 3.0}, "difficulty_accuracy_correlation": {"mean": 0.2886751345948128, "std": 0.49999999999999994, "median": 0.0, "q25": 0.0, "q75": 0.43301270189221924, "min": 0.0, "max": 0.8660254037844385}, "timing_regularity": {"mean": 4.781958156044425, "std": 11.754640757315096, "median": -0.9999996969697429, "q25": -1.9809155765893416, "q75": 8.653852962171108, "min": -2.96183145620894, "max": 18.307705621311957}, "answer_change_frequency": {"mean": 0.0, "std": 0.0, "median": 0.0, "q25": 0.0, "q75": 0.0, "min": 0.0, "max": 0.0}, "response_time_variability": {"mean": 20.55, "std": 6.594884381094182, "median": 22.5, "q25": 17.85, "q75": 24.225, "min": 13.200000000000003, "max": 25.950000000000003}, "speed_change_magnitude": {"mean": 0.3774284627110345, "std": 0.12874372729831318, "median": 0.38247163676875146, "q25": 0.3143544442741762, "q75": 0.4430240681767512, "min": 0.24623725177960093, "max": 0.503576499584751}, "complexity_time_correlation": {"mean": 0.9292362799498638, "std": 0.10175938759757194, "median": 0.9819805060619656, "q25": 0.8969566683229245, "q75": 0.987888004632854, "min": 0.8119328305838834, "max": 0.9937955032037422}}, "pca": "PCA(n_components=2)"}