{"statistical": {"avg_response_time": {"mean": 94.24762094858077, "std": 10.797813744630147, "median": 94.08964522699596, "q25": 86.751876559139, "q75": 99.44774103233712, "min": 79.04864148900555, "max": 124.59508243758182}, "std_response_time": {"mean": 42.23994361218397, "std": 15.899665703432502, "median": 40.67040254473104, "q25": 27.375327691773304, "q75": 51.9248553309217, "min": 20.425566933320795, "max": 83.70396927337568}, "median_response_time": {"mean": 85.68504897516269, "std": 5.3205449530214475, "median": 85.64804903785087, "q25": 80.378760383913, "q75": 88.5878507653214, "min": 77.27067535076588, "max": 98.61663436908316}, "response_time_cv": {"mean": 0.4376319899987233, "std": 0.12028784042852717, "median": 0.42765496332026787, "q25": 0.3304181481297286, "q75": 0.5179696102288622, "min": 0.2354481279652392, "max": 0.6718079689486036}, "accuracy_rate": {"mean": 0.2033355543007717, "std": 0.11055829862640125, "median": 0.17391304347826086, "q25": 0.13333333333333333, "q75": 0.28, "min": 0.043478260869565216, "max": 0.5}, "total_responses": {"mean": 24.6, "std": 2.8431203515386634, "median": 24.0, "q25": 22.0, "q75": 26.0, "min": 21.0, "max": 30.0}, "correct_responses": {"mean": 5.04, "std": 2.8792360097775935, "median": 4.0, "q25": 3.0, "q75": 7.0, "min": 1.0, "max": 13.0}, "difficulty_accuracy_correlation": {"mean": -0.18412214996958098, "std": 0.28498363173956076, "median": -0.1590949275014767, "q25": -0.3592719029740744, "q75": 0.008041092704947371, "min": -0.681562427410242, "max": 0.3343945857070554}, "timing_regularity": {"mean": -73.55347682876597, "std": 335.75321457071277, "median": 13.104776098203567, "q25": -51.59490953758262, "q75": 33.572062161138895, "min": -1637.3092630558704, "max": 172.71056634446103}, "answer_change_frequency": {"mean": 0.0, "std": 0.0, "median": 0.0, "q25": 0.0, "q75": 0.0, "min": 0.0, "max": 0.0}, "response_time_variability": {"mean": 58.60543577268845, "std": 19.882913294345155, "median": 60.76038846315561, "q25": 40.06176635312725, "q75": 72.64021553380285, "min": 28.605729440115095, "max": 102.05192693975553}, "speed_change_magnitude": {"mean": 0.48969955378198654, "std": 0.11115055353727166, "median": 0.46262659769793674, "q25": 0.41871593876377455, "q75": 0.5555914040923704, "min": 0.30963755235504525, "max": 0.7323288555813954}, "complexity_time_correlation": {"mean": 0.004283705401988715, "std": 0.22225407630093505, "median": 0.03198706401512311, "q25": -0.14206966372918178, "q75": 0.20830389862966295, "min": -0.5629157304015895, "max": 0.39070523022118475}}, "pca": "PCA(n_components=10)"}