{"statistical": {"avg_response_time": {"mean": 92.78722081026667, "std": 8.334621705375069, "median": 91.26536932781922, "q25": 89.00554576421628, "q75": 96.22223604374645, "min": 73.75804244422795, "max": 109.48788784857304}, "std_response_time": {"mean": 41.87869952548408, "std": 13.562509869857163, "median": 39.563334934799975, "q25": 32.10175486067654, "q75": 53.761248556195554, "min": 21.39684971185385, "max": 68.5115751022245}, "median_response_time": {"mean": 83.53804777865355, "std": 8.539187753219114, "median": 82.19411837481647, "q25": 76.9450543434598, "q75": 89.59756741055384, "min": 71.41099925854121, "max": 102.57067166909167}, "response_time_cv": {"mean": 0.4446913986419535, "std": 0.11539575650722336, "median": 0.41571080662900467, "q25": 0.3708776367857737, "q75": 0.5395072759112384, "min": 0.2525490376108121, "max": 0.6664078697384441}, "accuracy_rate": {"mean": 0.2007136226092748, "std": 0.12979618932847828, "median": 0.19230769230769232, "q25": 0.1, "q75": 0.27586206896551724, "min": 0.0, "max": 0.4482758620689655}, "total_responses": {"mean": 24.72, "std": 3.323151115031234, "median": 24.0, "q25": 22.0, "q75": 28.0, "min": 20.0, "max": 30.0}, "correct_responses": {"mean": 5.04, "std": 3.384769809996932, "median": 5.0, "q25": 2.0, "q75": 8.0, "min": 0.0, "max": 13.0}, "difficulty_accuracy_correlation": {"mean": -0.18581111312211232, "std": 0.24614209261275768, "median": -0.20924539310005488, "q25": -0.3202682973724081, "q75": 0.002012364463270181, "min": -0.6942009030604462, "max": 0.14462454505615582}, "timing_regularity": {"mean": 560.309014138638, "std": 2968.166669068756, "median": -15.860659345940952, "q25": -73.16988913468924, "q75": 30.00458010469493, "min": -351.6557890532574, "max": 14794.237303709197}, "answer_change_frequency": {"mean": 0.0, "std": 0.0, "median": 0.0, "q25": 0.0, "q75": 0.0, "min": 0.0, "max": 0.0}, "response_time_variability": {"mean": 59.93303284749423, "std": 20.378678676352198, "median": 56.04715048387687, "q25": 44.614987049550365, "q75": 72.69953464031134, "min": 31.739932691435047, "max": 103.79362502146022}, "speed_change_magnitude": {"mean": 0.5166100985235778, "std": 0.12782933645630618, "median": 0.513674887862449, "q25": 0.4587299677992737, "q75": 0.5473910994044595, "min": 0.3073865093389114, "max": 0.7844695573586459}, "complexity_time_correlation": {"mean": -0.006961694372608288, "std": 0.19929818125396748, "median": -0.024098691430252, "q25": -0.16924137174660972, "q75": 0.09410109697829254, "min": -0.38048173330074003, "max": 0.4197277954839987}}, "pca": "PCA(n_components=10)"}