{"statistical": {"avg_response_time": {"mean": 89.65420128537224, "std": 11.153456150353042, "median": 88.06712004826674, "q25": 84.02613684944643, "q75": 91.98693290355455, "min": 76.90671988814377, "max": 135.29141110946398}, "std_response_time": {"mean": 37.21336676287676, "std": 10.633910475791746, "median": 36.109937529022005, "q25": 28.63338143995536, "q75": 44.453175257610006, "min": 19.788804129960234, "max": 60.496389077029974}, "median_response_time": {"mean": 82.8311565091552, "std": 9.464157850580127, "median": 82.48278426908654, "q25": 78.68069964589833, "q75": 85.68479422363816, "min": 68.39452887271042, "max": 113.47442841140065}, "response_time_cv": {"mean": 0.41123384705486415, "std": 0.0881256544186713, "median": 0.4141328014345187, "q25": 0.35004935745625243, "q75": 0.46688944626024004, "min": 0.23975710109143514, "max": 0.5588676704323347}, "accuracy_rate": {"mean": 0.19890810608681675, "std": 0.11393733974438411, "median": 0.19230769230769232, "q25": 0.1111111111111111, "q75": 0.2413793103448276, "min": 0.0, "max": 0.45}, "total_responses": {"mean": 25.0, "std": 3.1754264805429417, "median": 25.0, "q25": 22.0, "q75": 27.0, "min": 20.0, "max": 30.0}, "correct_responses": {"mean": 4.92, "std": 2.580697580112788, "median": 5.0, "q25": 3.0, "q75": 7.0, "min": 0.0, "max": 9.0}, "difficulty_accuracy_correlation": {"mean": -0.2708368482312751, "std": 0.18923460665988542, "median": -0.30384839519328033, "q25": -0.4061940023043626, "q75": -0.17404297533742297, "min": -0.5324967016564912, "max": 0.2161755386476913}, "timing_regularity": {"mean": 24.67922363617225, "std": 131.93994711128548, "median": 24.19863623087473, "q25": -28.74853401927914, "q75": 54.52503330895164, "min": -170.5040965516, "max": 484.2056595430826}, "answer_change_frequency": {"mean": 0.0, "std": 0.0, "median": 0.0, "q25": 0.0, "q75": 0.0, "min": 0.0, "max": 0.0}, "response_time_variability": {"mean": 53.684713264598095, "std": 14.555788912451126, "median": 53.24461377127191, "q25": 41.930522072630225, "q75": 62.614942541941026, "min": 29.77665591971623, "max": 83.49343348902121}, "speed_change_magnitude": {"mean": 0.4833255498996129, "std": 0.10420535600209889, "median": 0.48147054745490975, "q25": 0.40674241170261877, "q75": 0.5438915107148699, "min": 0.3030567754957526, "max": 0.6949808895540839}, "complexity_time_correlation": {"mean": -0.07176150920784986, "std": 0.20767965430476593, "median": -0.048056619375584406, "q25": -0.22447583742262586, "q75": 0.09175832762458401, "min": -0.4402831531307735, "max": 0.29804983222828385}}, "pca": "PCA(n_components=10)"}